{"cameraMode":{"drawMode":0,"name":"Shaded","section":"Shading Mode"},"sceneLighting":true,"audioPlay":false,"sceneViewState":{"showFog":true,"showMaterialUpdate":false,"showSkybox":false,"showFlares":true,"showImageEffects":true,"showParticleSystems":true},"in2DMode":false,"pivot":{"x":-0.0028748810291290285,"y":0.0999995768070221,"z":0.005535334348678589},"rotation":{"x":0.003455905709415674,"y":-0.5683519244194031,"z":-0.002386991400271654,"w":-0.8227777481079102},"size":0.05049753189086914,"orthographic":false}