{"cameraMode":{"drawMode":0,"name":"Shaded","section":"Shading Mode"},"sceneLighting":false,"audioPlay":false,"sceneViewState":{"showFog":true,"showMaterialUpdate":false,"showSkybox":true,"showFlares":true,"showImageEffects":true,"showParticleSystems":true},"in2DMode":false,"pivot":{"x":4.302533149719238,"y":7.951237201690674,"z":3.1669845581054689},"rotation":{"x":-0.03335559740662575,"y":0.9644096493721008,"z":-0.14902269840240479,"w":-0.21586211025714875},"size":0.9751545786857605,"orthographic":false}