{"cameraMode":{"drawMode":0,"name":"Shaded","section":"Shading Mode"},"sceneLighting":false,"audioPlay":false,"sceneViewState":{"showFog":true,"showMaterialUpdate":false,"showSkybox":false,"showFlares":true,"showImageEffects":true,"showParticleSystems":true},"in2DMode":false,"pivot":{"x":486.5364685058594,"y":231.9614715576172,"z":0.0},"rotation":{"x":0.08723592013120651,"y":-0.16006949543952943,"z":0.014203185215592385,"w":0.983141303062439},"size":44.95010757446289,"orthographic":false}