{"cameraMode":{"drawMode":0,"name":"Shaded","section":"Shading Mode"},"sceneLighting":false,"audioPlay":false,"sceneViewState":{"showFog":true,"showMaterialUpdate":false,"showSkybox":false,"showFlares":true,"showImageEffects":true,"showParticleSystems":true},"in2DMode":false,"pivot":{"x":2.0869040489196779,"y":15.788022994995118,"z":5.706411361694336},"rotation":{"x":0.032539136707782748,"y":0.9411835074424744,"z":-0.32269102334976199,"w":0.09490524977445603},"size":14.546833038330079,"orthographic":false}